-- phpMyAdmin SQL Dump
-- version 5.2.1
-- https://www.phpmyadmin.net/
--
-- Host: 127.0.0.1
-- Generation Time: Sep 18, 2025 at 03:36 PM
-- Server version: 10.4.32-MariaDB
-- PHP Version: 8.2.12

SET SQL_MODE = "NO_AUTO_VALUE_ON_ZERO";
START TRANSACTION;
SET time_zone = "+00:00";


/*!40101 SET @OLD_CHARACTER_SET_CLIENT=@@CHARACTER_SET_CLIENT */;
/*!40101 SET @OLD_CHARACTER_SET_RESULTS=@@CHARACTER_SET_RESULTS */;
/*!40101 SET @OLD_COLLATION_CONNECTION=@@COLLATION_CONNECTION */;
/*!40101 SET NAMES utf8mb4 */;

--
-- Database: `highq`
--

-- --------------------------------------------------------

--
-- Table structure for table `audit_logs`
--

CREATE TABLE `audit_logs` (
  `id` int(11) NOT NULL,
  `user_id` int(11) DEFAULT NULL,
  `action` varchar(255) DEFAULT NULL,
  `ip` varchar(45) DEFAULT NULL,
  `user_agent` varchar(255) DEFAULT NULL,
  `meta` longtext CHARACTER SET utf8mb4 COLLATE utf8mb4_bin DEFAULT NULL CHECK (json_valid(`meta`)),
  `created_at` timestamp NOT NULL DEFAULT current_timestamp()
) ENGINE=InnoDB DEFAULT CHARSET=utf8mb4 COLLATE=utf8mb4_general_ci;

--
-- Dumping data for table `audit_logs`
--

INSERT INTO `audit_logs` (`id`, `user_id`, `action`, `ip`, `user_agent`, `meta`, `created_at`) VALUES
(1, 1, 'role_updated', NULL, NULL, '{\"role_id\":2}', '2025-09-17 21:29:38');

-- --------------------------------------------------------

--
-- Table structure for table `categories`
--

CREATE TABLE `categories` (
  `id` int(11) NOT NULL,
  `name` varchar(150) NOT NULL,
  `slug` varchar(150) NOT NULL,
  `created_at` timestamp NOT NULL DEFAULT current_timestamp()
) ENGINE=InnoDB DEFAULT CHARSET=utf8mb4 COLLATE=utf8mb4_general_ci;

--
-- Dumping data for table `categories`
--

INSERT INTO `categories` (`id`, `name`, `slug`, `created_at`) VALUES
(1, 'General', 'general', '2025-09-18 12:44:37'),
(2, 'Announcements', 'announcements', '2025-09-18 12:44:37'),
(3, 'Tips', 'tips', '2025-09-18 12:44:37');

-- --------------------------------------------------------

--
-- Table structure for table `chat_messages`
--

CREATE TABLE `chat_messages` (
  `id` int(11) NOT NULL,
  `thread_id` int(11) NOT NULL,
  `sender_id` int(11) DEFAULT NULL,
  `sender_name` varchar(150) DEFAULT NULL,
  `message` text NOT NULL,
  `is_from_staff` tinyint(1) DEFAULT 0,
  `created_at` timestamp NOT NULL DEFAULT current_timestamp()
) ENGINE=InnoDB DEFAULT CHARSET=utf8mb4 COLLATE=utf8mb4_general_ci;

-- --------------------------------------------------------

--
-- Table structure for table `chat_threads`
--

CREATE TABLE `chat_threads` (
  `id` int(11) NOT NULL,
  `visitor_name` varchar(150) DEFAULT NULL,
  `visitor_email` varchar(200) DEFAULT NULL,
  `user_id` int(11) DEFAULT NULL,
  `assigned_admin_id` int(11) DEFAULT NULL,
  `status` enum('open','closed') DEFAULT 'open',
  `created_at` timestamp NOT NULL DEFAULT current_timestamp(),
  `last_activity` timestamp NOT NULL DEFAULT current_timestamp() ON UPDATE current_timestamp()
) ENGINE=InnoDB DEFAULT CHARSET=utf8mb4 COLLATE=utf8mb4_general_ci;

-- --------------------------------------------------------

--
-- Table structure for table `comments`
--

CREATE TABLE `comments` (
  `id` int(11) NOT NULL,
  `post_id` int(11) NOT NULL,
  `parent_id` int(11) DEFAULT NULL,
  `user_id` int(11) DEFAULT NULL,
  `name` varchar(150) DEFAULT NULL,
  `email` varchar(200) DEFAULT NULL,
  `content` text NOT NULL,
  `admin_reply_by` int(11) DEFAULT NULL,
  `status` enum('pending','approved','spam','deleted') DEFAULT 'pending',
  `created_at` timestamp NOT NULL DEFAULT current_timestamp()
) ENGINE=InnoDB DEFAULT CHARSET=utf8mb4 COLLATE=utf8mb4_general_ci;

-- --------------------------------------------------------

--
-- Table structure for table `courses`
--

CREATE TABLE `courses` (
  `id` int(11) NOT NULL,
  `title` varchar(255) NOT NULL,
  `slug` varchar(255) NOT NULL,
  `description` text DEFAULT NULL,
  `duration` varchar(100) DEFAULT NULL,
  `price` decimal(10,2) DEFAULT 0.00,
  `tutor_id` int(11) DEFAULT NULL,
  `created_by` int(11) DEFAULT NULL,
  `is_active` tinyint(1) DEFAULT 1,
  `created_at` timestamp NOT NULL DEFAULT current_timestamp(),
  `updated_at` timestamp NOT NULL DEFAULT current_timestamp() ON UPDATE current_timestamp()
) ENGINE=InnoDB DEFAULT CHARSET=utf8mb4 COLLATE=utf8mb4_general_ci;

-- --------------------------------------------------------

--
-- Table structure for table `login_attempts`
--

CREATE TABLE `login_attempts` (
  `id` int(11) NOT NULL,
  `email` varchar(200) DEFAULT NULL,
  `ip` varchar(45) DEFAULT NULL,
  `attempts` int(11) DEFAULT 1,
  `last_attempt` datetime DEFAULT current_timestamp()
) ENGINE=InnoDB DEFAULT CHARSET=utf8mb4 COLLATE=utf8mb4_general_ci;

-- --------------------------------------------------------

--
-- Table structure for table `password_resets`
--

CREATE TABLE `password_resets` (
  `id` int(11) NOT NULL,
  `user_id` int(11) NOT NULL,
  `otp` varchar(6) NOT NULL,
  `expires_at` datetime NOT NULL,
  `created_at` timestamp NOT NULL DEFAULT current_timestamp()
) ENGINE=InnoDB DEFAULT CHARSET=utf8mb4 COLLATE=utf8mb4_general_ci;

-- --------------------------------------------------------

--
-- Table structure for table `payments`
--

CREATE TABLE `payments` (
  `id` int(11) NOT NULL,
  `student_id` int(11) DEFAULT NULL,
  `amount` decimal(10,2) NOT NULL,
  `payment_method` varchar(100) DEFAULT NULL,
  `reference` varchar(255) DEFAULT NULL,
  `status` enum('pending','confirmed','failed','refunded') DEFAULT 'pending',
  `created_at` timestamp NOT NULL DEFAULT current_timestamp()
) ENGINE=InnoDB DEFAULT CHARSET=utf8mb4 COLLATE=utf8mb4_general_ci;

-- --------------------------------------------------------

--
-- Table structure for table `posts`
--

CREATE TABLE `posts` (
  `id` int(11) NOT NULL,
  `author_id` int(11) NOT NULL,
  `created_by` int(11) DEFAULT NULL,
  `title` varchar(255) NOT NULL,
  `slug` varchar(255) NOT NULL,
  `excerpt` text DEFAULT NULL,
  `content` longtext DEFAULT NULL,
  `category` varchar(100) DEFAULT NULL,
  `status` enum('draft','published','archived') DEFAULT 'draft',
  `is_featured` tinyint(1) DEFAULT 0,
  `published_at` datetime DEFAULT NULL,
  `created_at` timestamp NOT NULL DEFAULT current_timestamp(),
  `updated_at` timestamp NOT NULL DEFAULT current_timestamp() ON UPDATE current_timestamp()
) ENGINE=InnoDB DEFAULT CHARSET=utf8mb4 COLLATE=utf8mb4_general_ci;

-- --------------------------------------------------------

--
-- Table structure for table `roles`
--

CREATE TABLE `roles` (
  `id` int(11) NOT NULL,
  `name` varchar(50) NOT NULL,
  `slug` varchar(50) NOT NULL,
  `max_count` int(11) DEFAULT NULL,
  `created_at` timestamp NOT NULL DEFAULT current_timestamp()
) ENGINE=InnoDB DEFAULT CHARSET=utf8mb4 COLLATE=utf8mb4_general_ci;

--
-- Dumping data for table `roles`
--

INSERT INTO `roles` (`id`, `name`, `slug`, `max_count`, `created_at`) VALUES
(1, 'Admin', 'admin', 2, '2025-08-29 08:46:25'),
(2, 'Sub-Admin', 'sub-admin', 3, '2025-08-29 08:46:25'),
(3, 'Moderator', 'moderator', NULL, '2025-08-29 08:46:25');

-- --------------------------------------------------------

--
-- Table structure for table `role_permissions`
--

CREATE TABLE `role_permissions` (
  `id` int(11) NOT NULL,
  `role_id` int(11) NOT NULL,
  `menu_slug` varchar(100) NOT NULL
) ENGINE=InnoDB DEFAULT CHARSET=utf8mb4 COLLATE=utf8mb4_general_ci;

--
-- Dumping data for table `role_permissions`
--

INSERT INTO `role_permissions` (`id`, `role_id`, `menu_slug`) VALUES
(1, 1, 'dashboard'),
(2, 1, 'users'),
(3, 1, 'roles'),
(4, 1, 'settings'),
(5, 1, 'courses'),
(6, 1, 'tutors'),
(7, 1, 'students'),
(8, 1, 'payments'),
(9, 1, 'post'),
(10, 1, 'comments'),
(11, 1, 'chat'),
(17, 3, 'dashboard'),
(18, 3, 'post'),
(19, 3, 'comments'),
(20, 3, 'chat'),
(26, 2, 'dashboard'),
(27, 2, 'courses'),
(28, 2, 'tutors'),
(29, 2, 'students'),
(30, 2, 'payments');

-- --------------------------------------------------------

--
-- Table structure for table `settings`
--

CREATE TABLE `settings` (
  `id` int(11) NOT NULL,
  `key` varchar(150) NOT NULL,
  `value` text DEFAULT NULL,
  `updated_at` timestamp NOT NULL DEFAULT current_timestamp() ON UPDATE current_timestamp()
) ENGINE=InnoDB DEFAULT CHARSET=utf8mb4 COLLATE=utf8mb4_general_ci;

-- --------------------------------------------------------

--
-- Table structure for table `students`
--

CREATE TABLE `students` (
  `id` int(11) NOT NULL,
  `name` varchar(150) NOT NULL,
  `email` varchar(200) NOT NULL,
  `phone` varchar(50) DEFAULT NULL,
  `course_id` int(11) DEFAULT NULL,
  `status` enum('pending','approved','rejected') DEFAULT 'pending',
  `created_at` timestamp NOT NULL DEFAULT current_timestamp()
) ENGINE=InnoDB DEFAULT CHARSET=utf8mb4 COLLATE=utf8mb4_general_ci;

-- --------------------------------------------------------

--
-- Table structure for table `tutors`
--

CREATE TABLE `tutors` (
  `id` int(11) NOT NULL,
  `name` varchar(150) NOT NULL,
  `slug` varchar(255) NOT NULL,
  `photo` varchar(255) DEFAULT NULL,
  `short_bio` varchar(255) DEFAULT NULL,
  `long_bio` text DEFAULT NULL,
  `qualifications` text DEFAULT NULL,
  `subjects` longtext CHARACTER SET utf8mb4 COLLATE utf8mb4_bin DEFAULT NULL CHECK (json_valid(`subjects`)),
  `contact_email` varchar(200) DEFAULT NULL,
  `phone` varchar(50) DEFAULT NULL,
  `rating` decimal(3,2) DEFAULT NULL,
  `is_featured` tinyint(1) DEFAULT 0,
  `created_at` timestamp NOT NULL DEFAULT current_timestamp(),
  `updated_at` timestamp NOT NULL DEFAULT current_timestamp() ON UPDATE current_timestamp()
) ENGINE=InnoDB DEFAULT CHARSET=utf8mb4 COLLATE=utf8mb4_general_ci;

-- --------------------------------------------------------

--
-- Table structure for table `uploads`
--

CREATE TABLE `uploads` (
  `id` int(11) NOT NULL,
  `filename` varchar(255) DEFAULT NULL,
  `path` varchar(255) DEFAULT NULL,
  `mime` varchar(100) DEFAULT NULL,
  `size` int(11) DEFAULT NULL,
  `uploaded_by` int(11) DEFAULT NULL,
  `created_at` timestamp NOT NULL DEFAULT current_timestamp()
) ENGINE=InnoDB DEFAULT CHARSET=utf8mb4 COLLATE=utf8mb4_general_ci;

-- --------------------------------------------------------

--
-- Table structure for table `users`
--

CREATE TABLE `users` (
  `id` int(11) NOT NULL,
  `role_id` int(11) NOT NULL,
  `name` varchar(150) NOT NULL,
  `phone` varchar(50) DEFAULT NULL,
  `email` varchar(200) NOT NULL,
  `password` varchar(255) NOT NULL,
  `avatar` varchar(255) DEFAULT NULL,
  `is_active` tinyint(1) DEFAULT 1,
  `twofa_secret` varchar(255) DEFAULT NULL,
  `last_login` datetime DEFAULT NULL,
  `created_at` timestamp NOT NULL DEFAULT current_timestamp(),
  `updated_at` timestamp NOT NULL DEFAULT current_timestamp() ON UPDATE current_timestamp()
) ENGINE=InnoDB DEFAULT CHARSET=utf8mb4 COLLATE=utf8mb4_general_ci;

--
-- Dumping data for table `users`
--

INSERT INTO `users` (`id`, `role_id`, `name`, `phone`, `email`, `password`, `avatar`, `is_active`, `twofa_secret`, `last_login`, `created_at`, `updated_at`) VALUES
(1, 1, 'Akintunde Dolapo', '+2347082184560', 'akintunde.dolapo1@gmail.com', '$2y$10$sMjrVYcbmDLD4FSp8KTz3OTT41/poIWTzJIhgaQdcWK7y6d3ylL9i', NULL, 1, NULL, NULL, '2025-08-31 15:22:34', '2025-08-31 15:22:34');

--
-- Indexes for dumped tables
--

--
-- Indexes for table `audit_logs`
--
ALTER TABLE `audit_logs`
  ADD PRIMARY KEY (`id`),
  ADD KEY `user_id` (`user_id`);

--
-- Indexes for table `categories`
--
ALTER TABLE `categories`
  ADD PRIMARY KEY (`id`),
  ADD UNIQUE KEY `slug` (`slug`);

--
-- Indexes for table `chat_messages`
--
ALTER TABLE `chat_messages`
  ADD PRIMARY KEY (`id`),
  ADD KEY `thread_id` (`thread_id`),
  ADD KEY `sender_id` (`sender_id`);

--
-- Indexes for table `chat_threads`
--
ALTER TABLE `chat_threads`
  ADD PRIMARY KEY (`id`),
  ADD KEY `assigned_admin_id` (`assigned_admin_id`),
  ADD KEY `idx_chat_threads_status` (`status`);

--
-- Indexes for table `comments`
--
ALTER TABLE `comments`
  ADD PRIMARY KEY (`id`),
  ADD KEY `parent_id` (`parent_id`),
  ADD KEY `user_id` (`user_id`),
  ADD KEY `admin_reply_by` (`admin_reply_by`),
  ADD KEY `idx_comments_post_id` (`post_id`);

--
-- Indexes for table `courses`
--
ALTER TABLE `courses`
  ADD PRIMARY KEY (`id`),
  ADD UNIQUE KEY `slug` (`slug`),
  ADD KEY `tutor_id` (`tutor_id`),
  ADD KEY `created_by` (`created_by`),
  ADD KEY `idx_courses_slug` (`slug`);

--
-- Indexes for table `login_attempts`
--
ALTER TABLE `login_attempts`
  ADD PRIMARY KEY (`id`);

--
-- Indexes for table `password_resets`
--
ALTER TABLE `password_resets`
  ADD PRIMARY KEY (`id`),
  ADD KEY `user_id` (`user_id`);

--
-- Indexes for table `payments`
--
ALTER TABLE `payments`
  ADD PRIMARY KEY (`id`),
  ADD KEY `student_id` (`student_id`);

--
-- Indexes for table `posts`
--
ALTER TABLE `posts`
  ADD PRIMARY KEY (`id`),
  ADD UNIQUE KEY `slug` (`slug`),
  ADD KEY `author_id` (`author_id`),
  ADD KEY `idx_posts_slug` (`slug`),
  ADD KEY `idx_created_by` (`created_by`);

--
-- Indexes for table `roles`
--
ALTER TABLE `roles`
  ADD PRIMARY KEY (`id`),
  ADD UNIQUE KEY `slug` (`slug`);

--
-- Indexes for table `role_permissions`
--
ALTER TABLE `role_permissions`
  ADD PRIMARY KEY (`id`),
  ADD KEY `role_id` (`role_id`);

--
-- Indexes for table `settings`
--
ALTER TABLE `settings`
  ADD PRIMARY KEY (`id`),
  ADD UNIQUE KEY `key` (`key`);

--
-- Indexes for table `students`
--
ALTER TABLE `students`
  ADD PRIMARY KEY (`id`),
  ADD KEY `course_id` (`course_id`);

--
-- Indexes for table `tutors`
--
ALTER TABLE `tutors`
  ADD PRIMARY KEY (`id`),
  ADD UNIQUE KEY `slug` (`slug`);

--
-- Indexes for table `uploads`
--
ALTER TABLE `uploads`
  ADD PRIMARY KEY (`id`),
  ADD KEY `uploaded_by` (`uploaded_by`);

--
-- Indexes for table `users`
--
ALTER TABLE `users`
  ADD PRIMARY KEY (`id`),
  ADD UNIQUE KEY `email` (`email`),
  ADD KEY `role_id` (`role_id`),
  ADD KEY `idx_users_email` (`email`);

--
-- AUTO_INCREMENT for dumped tables
--

--
-- AUTO_INCREMENT for table `audit_logs`
--
ALTER TABLE `audit_logs`
  MODIFY `id` int(11) NOT NULL AUTO_INCREMENT, AUTO_INCREMENT=2;

--
-- AUTO_INCREMENT for table `categories`
--
ALTER TABLE `categories`
  MODIFY `id` int(11) NOT NULL AUTO_INCREMENT, AUTO_INCREMENT=4;

--
-- AUTO_INCREMENT for table `chat_messages`
--
ALTER TABLE `chat_messages`
  MODIFY `id` int(11) NOT NULL AUTO_INCREMENT;

--
-- AUTO_INCREMENT for table `chat_threads`
--
ALTER TABLE `chat_threads`
  MODIFY `id` int(11) NOT NULL AUTO_INCREMENT;

--
-- AUTO_INCREMENT for table `comments`
--
ALTER TABLE `comments`
  MODIFY `id` int(11) NOT NULL AUTO_INCREMENT;

--
-- AUTO_INCREMENT for table `courses`
--
ALTER TABLE `courses`
  MODIFY `id` int(11) NOT NULL AUTO_INCREMENT;

--
-- AUTO_INCREMENT for table `login_attempts`
--
ALTER TABLE `login_attempts`
  MODIFY `id` int(11) NOT NULL AUTO_INCREMENT;

--
-- AUTO_INCREMENT for table `password_resets`
--
ALTER TABLE `password_resets`
  MODIFY `id` int(11) NOT NULL AUTO_INCREMENT;

--
-- AUTO_INCREMENT for table `payments`
--
ALTER TABLE `payments`
  MODIFY `id` int(11) NOT NULL AUTO_INCREMENT;

--
-- AUTO_INCREMENT for table `posts`
--
ALTER TABLE `posts`
  MODIFY `id` int(11) NOT NULL AUTO_INCREMENT;

--
-- AUTO_INCREMENT for table `roles`
--
ALTER TABLE `roles`
  MODIFY `id` int(11) NOT NULL AUTO_INCREMENT, AUTO_INCREMENT=4;

--
-- AUTO_INCREMENT for table `role_permissions`
--
ALTER TABLE `role_permissions`
  MODIFY `id` int(11) NOT NULL AUTO_INCREMENT, AUTO_INCREMENT=31;

--
-- AUTO_INCREMENT for table `settings`
--
ALTER TABLE `settings`
  MODIFY `id` int(11) NOT NULL AUTO_INCREMENT;

--
-- AUTO_INCREMENT for table `students`
--
ALTER TABLE `students`
  MODIFY `id` int(11) NOT NULL AUTO_INCREMENT;

--
-- AUTO_INCREMENT for table `tutors`
--
ALTER TABLE `tutors`
  MODIFY `id` int(11) NOT NULL AUTO_INCREMENT;

--
-- AUTO_INCREMENT for table `uploads`
--
ALTER TABLE `uploads`
  MODIFY `id` int(11) NOT NULL AUTO_INCREMENT;

--
-- AUTO_INCREMENT for table `users`
--
ALTER TABLE `users`
  MODIFY `id` int(11) NOT NULL AUTO_INCREMENT, AUTO_INCREMENT=2;

--
-- Constraints for dumped tables
--

--
-- Constraints for table `audit_logs`
--
ALTER TABLE `audit_logs`
  ADD CONSTRAINT `audit_logs_ibfk_1` FOREIGN KEY (`user_id`) REFERENCES `users` (`id`);

--
-- Constraints for table `chat_messages`
--
ALTER TABLE `chat_messages`
  ADD CONSTRAINT `chat_messages_ibfk_1` FOREIGN KEY (`thread_id`) REFERENCES `chat_threads` (`id`) ON DELETE CASCADE,
  ADD CONSTRAINT `chat_messages_ibfk_2` FOREIGN KEY (`sender_id`) REFERENCES `users` (`id`);

--
-- Constraints for table `chat_threads`
--
ALTER TABLE `chat_threads`
  ADD CONSTRAINT `chat_threads_ibfk_1` FOREIGN KEY (`assigned_admin_id`) REFERENCES `users` (`id`);

--
-- Constraints for table `comments`
--
ALTER TABLE `comments`
  ADD CONSTRAINT `comments_ibfk_1` FOREIGN KEY (`post_id`) REFERENCES `posts` (`id`) ON DELETE CASCADE,
  ADD CONSTRAINT `comments_ibfk_2` FOREIGN KEY (`parent_id`) REFERENCES `comments` (`id`) ON DELETE CASCADE,
  ADD CONSTRAINT `comments_ibfk_3` FOREIGN KEY (`user_id`) REFERENCES `users` (`id`),
  ADD CONSTRAINT `comments_ibfk_4` FOREIGN KEY (`admin_reply_by`) REFERENCES `users` (`id`);

--
-- Constraints for table `courses`
--
ALTER TABLE `courses`
  ADD CONSTRAINT `courses_ibfk_1` FOREIGN KEY (`tutor_id`) REFERENCES `users` (`id`),
  ADD CONSTRAINT `courses_ibfk_2` FOREIGN KEY (`created_by`) REFERENCES `users` (`id`);

--
-- Constraints for table `password_resets`
--
ALTER TABLE `password_resets`
  ADD CONSTRAINT `password_resets_ibfk_1` FOREIGN KEY (`user_id`) REFERENCES `users` (`id`) ON DELETE CASCADE;

--
-- Constraints for table `payments`
--
ALTER TABLE `payments`
  ADD CONSTRAINT `payments_ibfk_1` FOREIGN KEY (`student_id`) REFERENCES `students` (`id`);

--
-- Constraints for table `posts`
--
ALTER TABLE `posts`
  ADD CONSTRAINT `posts_ibfk_1` FOREIGN KEY (`author_id`) REFERENCES `users` (`id`);

--
-- Constraints for table `role_permissions`
--
ALTER TABLE `role_permissions`
  ADD CONSTRAINT `role_permissions_ibfk_1` FOREIGN KEY (`role_id`) REFERENCES `roles` (`id`) ON DELETE CASCADE;

--
-- Constraints for table `students`
--
ALTER TABLE `students`
  ADD CONSTRAINT `students_ibfk_1` FOREIGN KEY (`course_id`) REFERENCES `courses` (`id`);

--
-- Constraints for table `uploads`
--
ALTER TABLE `uploads`
  ADD CONSTRAINT `uploads_ibfk_1` FOREIGN KEY (`uploaded_by`) REFERENCES `users` (`id`);

--
-- Constraints for table `users`
--
ALTER TABLE `users`
  ADD CONSTRAINT `users_ibfk_1` FOREIGN KEY (`role_id`) REFERENCES `roles` (`id`);
COMMIT;

/*!40101 SET CHARACTER_SET_CLIENT=@OLD_CHARACTER_SET_CLIENT */;
/*!40101 SET CHARACTER_SET_RESULTS=@OLD_CHARACTER_SET_RESULTS */;
/*!40101 SET COLLATION_CONNECTION=@OLD_COLLATION_CONNECTION */;
